,pdbid,resseq,chain_id,resname
0,5qh8.pdb,109,A,CSO
1,1me8.pdb,319,A,CSO
2,6a6s.pdb,153,A,CSO
3,4mga.pdb,381,A,CSO
4,4mga.pdb,530,A,CSO
5,4mga.pdb,381,B,CSO
6,4mga.pdb,417,B,CSO
7,4mga.pdb,530,B,CSO
8,6xyd.pdb,69,A,CSO
9,6xyd.pdb,69,B,CSO
10,6xyd.pdb,69,C,CSO
11,6xyd.pdb,69,D,CSO
12,6t96.pdb,345,A,CSO
13,2j89.pdb,81,A,CSO
14,1cxp.pdb,150,C,CSO
15,1cxp.pdb,150,D,CSO
16,1o4g.pdb,44,A,CSO
17,6d5e.pdb,51,A,CSO
18,5d5s.pdb,4,A,CSO
19,5d5s.pdb,193,A,CSO
20,5d5s.pdb,245,A,CSO
21,6bvl.pdb,51,A,CSO
22,4dwn.pdb,63,A,CSO
23,4dwn.pdb,63,B,CSO
24,5btv.pdb,38,A,CSO
25,5qgr.pdb,109,A,CSO
26,4jev.pdb,124,A,CSO
27,4jev.pdb,124,B,CSO
28,2vl2.pdb,151,A,CSO
29,2vl2.pdb,151,B,CSO
30,2ejl.pdb,322,A,CSO
31,2ejl.pdb,322,B,CSO
32,4dhu.pdb,38,A,CSO
33,4gsb.pdb,63,A,CSO
34,5dal.pdb,14,A,CSO
35,5lnp.pdb,501,A,CSO
36,5lnp.pdb,501,C,CSO
37,5lnp.pdb,501,D,CSO
38,5fiw.pdb,150,C,CSO
39,5fiw.pdb,150,D,CSO
40,4zxp.pdb,164,A,CSO
41,4zxp.pdb,164,B,CSO
42,6mqg.pdb,118,A,CSO
43,3trn.pdb,44,A,CSO
44,6rjz.pdb,38,A,CSO
45,5hf3.pdb,38,A,CSO
46,4tuz.pdb,381,A,CSO
47,4tuz.pdb,530,A,CSO
48,4tuz.pdb,381,B,CSO
49,4tuz.pdb,417,B,CSO
50,4tuz.pdb,530,B,CSO
51,2bwx.pdb,249,A,CSO
52,5qh3.pdb,109,A,CSO
53,5qh7.pdb,109,A,CSO
54,1qbs.pdb,67,A,CSO
55,1qbs.pdb,67,B,CSO
56,2cz7.pdb,114,A,CSO
57,3jwb.pdb,4,A,CSO
58,4u84.pdb,113,A,CSO
59,5oya.pdb,109,A,CSO
60,5oya.pdb,109,B,CSO
61,5oya.pdb,109,C,CSO
62,5oya.pdb,109,D,CSO
63,5oya.pdb,109,E,CSO
64,5oya.pdb,109,F,CSO
65,5oya.pdb,109,G,CSO
66,5oya.pdb,109,H,CSO
67,2y6u.pdb,26,A,CSO
68,2y6u.pdb,127,A,CSO
69,2y6u.pdb,205,A,CSO
70,2y6u.pdb,298,A,CSO
71,2es4.pdb,92,D,CSO
72,2es4.pdb,92,E,CSO
73,6fsk.pdb,147,A,CSO
74,6fsk.pdb,147,B,CSO
75,5ezq.pdb,477,A,CSO
76,2cyz.pdb,114,A,CSO
77,4y1u.pdb,16,B,CSO
78,4y1u.pdb,42,B,CSO
79,4y1u.pdb,60,B,CSO
80,4y1u.pdb,88,B,CSO
81,4y1u.pdb,130,B,CSO
82,4y1u.pdb,16,A,CSO
83,4y1u.pdb,42,A,CSO
84,4y1u.pdb,60,A,CSO
85,4y1u.pdb,88,A,CSO
86,4y1u.pdb,130,A,CSO
87,4who.pdb,429,B,CSO
88,4r0k.pdb,291,A,CSO
89,4r0k.pdb,291,B,CSO
90,3ux0.pdb,38,A,CSO
91,1g55.pdb,140,A,CSO
92,1g55.pdb,287,A,CSO
93,5qgq.pdb,109,A,CSO
94,3rva.pdb,230,A,CSO
95,2v3y.pdb,249,A,CSO
96,6dxe.pdb,169,A,CSO
97,6dxe.pdb,169,C,CSO
98,4mpg.pdb,105,A,CSO
99,4mpg.pdb,105,B,CSO
100,1o8v.pdb,63,A,CSO
101,4hl9.pdb,35,A,CSO
102,4hl9.pdb,66,A,CSO
103,4hl9.pdb,35,B,CSO
104,4hl9.pdb,66,B,CSO
105,4hl9.pdb,35,C,CSO
106,4hl9.pdb,66,C,CSO
107,4hl9.pdb,35,D,CSO
108,4hl9.pdb,66,D,CSO
109,4hl9.pdb,35,E,CSO
110,4hl9.pdb,66,E,CSO
111,4hl9.pdb,35,F,CSO
112,4hl9.pdb,66,F,CSO
113,4hl9.pdb,35,G,CSO
114,4hl9.pdb,66,G,CSO
115,4hl9.pdb,35,H,CSO
116,4hl9.pdb,66,H,CSO
117,4hl9.pdb,35,I,CSO
118,4hl9.pdb,66,I,CSO
119,1pl2.pdb,112,A,CSO
120,1pl2.pdb,112,B,CSO
121,1lg7.pdb,135,A,CSO
122,2aot.pdb,217,A,CSO
123,2aot.pdb,248,A,CSO
124,2aot.pdb,82,B,CSO
125,2aot.pdb,248,B,CSO
126,4ob3.pdb,113,A,CSO
127,2wyz.pdb,111,A,CSO
128,2wyz.pdb,111,F,CSO
129,3vyg.pdb,133,C,CSO
130,3vyg.pdb,133,F,CSO
131,3vyg.pdb,133,I,CSO
132,3vyg.pdb,133,L,CSO
133,5qgv.pdb,109,A,CSO
134,5y4n.pdb,546,L,CSO
135,5qhb.pdb,109,A,CSO
136,4al3.pdb,90,A,CSO
137,6b9z.pdb,175,B,CSO
138,2ibw.pdb,126,A,CSO
139,2ibw.pdb,126,B,CSO
140,2ibw.pdb,126,C,CSO
141,2ibw.pdb,126,D,CSO
142,6u17.pdb,276,A,CSO
143,2d1r.pdb,63,A,CSO
144,2d1r.pdb,64,A,CSO
145,3qd5.pdb,76,A,CSO
146,3qd5.pdb,76,B,CSO
147,6rm9.pdb,384,A,CSO
148,1yjc.pdb,206,A,CSO
149,3iiz.pdb,183,A,CSO
150,3p5v.pdb,25,A,CSO
151,6cuo.pdb,51,A,CSO
152,2v3x.pdb,249,A,CSO
153,1dnu.pdb,150,C,CSO
154,1dnu.pdb,150,D,CSO
155,2qx0.pdb,37,A,CSO
156,2qx0.pdb,37,B,CSO
157,3t8t.pdb,25,A,CSO
158,3u7f.pdb,450,B,CSO
159,2wko.pdb,111,F,CSO
160,3x28.pdb,114,A,CSO
161,1ugr.pdb,113,A,CSO
162,5qgi.pdb,109,A,CSO
163,2bja.pdb,322,A,CSO
164,2bja.pdb,322,B,CSO
165,4rwv.pdb,311,A,CSO
166,6b11.pdb,41,A,CSO
167,6b11.pdb,41,B,CSO
168,1ire.pdb,113,A,CSO
169,6et0.pdb,16,B,CSO
170,6et0.pdb,16,D,CSO
171,1fzk.pdb,121,A,CSO
172,3ss6.pdb,88,A,CSO
173,3ss6.pdb,88,B,CSO
174,4x1u.pdb,45,A,CSO
175,4x1u.pdb,45,B,CSO
176,6ghp.pdb,38,A,CSO
177,5xlg.pdb,546,L,CSO
178,6qtt.pdb,510,A,CSO
179,1fzo.pdb,121,A,CSO
180,1leg.pdb,121,A,CSO
181,2d4l.pdb,126,A,CSO
182,6bvm.pdb,51,A,CSO
183,3aay.pdb,233,A,CSO
184,3aay.pdb,233,B,CSO
185,3zvh.pdb,361,A,CSO
186,4dom.pdb,166,A,CSO
187,4dom.pdb,233,A,CSO
188,5qhe.pdb,109,A,CSO
189,5qgy.pdb,109,A,CSO
190,1gr7.pdb,26,A,CSO
191,1gr7.pdb,26,B,CSO
192,1gr7.pdb,26,C,CSO
193,1gr7.pdb,26,D,CSO
194,4wb0.pdb,296,A,CSO
195,4c7y.pdb,271,A,CSO
196,1d7w.pdb,150,C,CSO
197,1d7w.pdb,150,D,CSO
198,4crz.pdb,78,A,CSO
199,6sw2.pdb,105,A,CSO
200,6bvk.pdb,51,A,CSO
201,6qtx.pdb,492,A,CSO
202,6qtx.pdb,510,A,CSO
203,2ejd.pdb,322,A,CSO
204,2ejd.pdb,322,B,CSO
205,4tz2.pdb,1079,A,CSO
206,6d5h.pdb,51,A,CSO
207,5tl8.pdb,371,A,CSO
208,5tl8.pdb,392,A,CSO
209,3ubw.pdb,98,A,CSO
210,3b8b.pdb,133,A,CSO
211,6qzn.pdb,128,A,CSO
212,6qzn.pdb,128,C,CSO
213,2v3z.pdb,249,A,CSO
214,3na4.pdb,25,A,CSO
215,2wl5.pdb,89,A,CSO
216,2wl5.pdb,89,B,CSO
217,4ayc.pdb,456,B,CSO
218,2bws.pdb,249,A,CSO
219,6c62.pdb,236,A,CSO
220,6c62.pdb,236,B,CSO
221,6d5g.pdb,51,A,CSO
222,5qgu.pdb,109,A,CSO
223,1ml6.pdb,111,A,CSO
224,1ml6.pdb,411,B,CSO
225,4mg8.pdb,381,A,CSO
226,4mg8.pdb,417,A,CSO
227,4mg8.pdb,381,B,CSO
228,4mg8.pdb,417,B,CSO
229,4mg8.pdb,530,B,CSO
230,2qtl.pdb,340,A,CSO
231,2qtl.pdb,364,A,CSO
232,2qtl.pdb,421,A,CSO
233,1i9t.pdb,126,A,CSO
234,5qhg.pdb,109,A,CSO
235,4tv1.pdb,381,A,CSO
236,4tv1.pdb,417,A,CSO
237,4tv1.pdb,530,A,CSO
238,4tv1.pdb,381,B,CSO
239,4tv1.pdb,417,B,CSO
240,5xlf.pdb,546,L,CSO
241,2pvk.pdb,89,A,CSO
242,4yl0.pdb,59,A,CSO
243,5qh1.pdb,109,A,CSO
244,6hrv.pdb,87,B,CSO
245,2waw.pdb,81,A,CSO
246,2cz6.pdb,114,A,CSO
247,6ehs.pdb,546,L,CSO
248,6ehs.pdb,546,M,CSO
249,2wee.pdb,177,A,CSO
250,2wee.pdb,177,B,CSO
251,5qgk.pdb,109,A,CSO
252,5a2d.pdb,291,C,CSO
253,5a2d.pdb,291,D,CSO
254,5a2d.pdb,450,D,CSO
255,4cry.pdb,78,G,CSO
256,5qgs.pdb,109,A,CSO
257,6bja.pdb,92,A,CSO
258,3cix.pdb,183,A,CSO
259,1d2v.pdb,150,C,CSO
260,1d2v.pdb,150,D,CSO
261,5wj8.pdb,1409,A,CSO
262,6hm4.pdb,164,A,CSO
263,5l2m.pdb,303,A,CSO
264,3d83.pdb,119,A,CSO
265,3d83.pdb,162,A,CSO
266,4evx.pdb,12,A,CSO
267,4evx.pdb,12,B,CSO
268,3b4y.pdb,95,A,CSO
269,3b4y.pdb,95,B,CSO
270,5qh2.pdb,109,A,CSO
271,3t6e.pdb,160,M,CSO
272,1fzm.pdb,121,A,CSO
273,6mnh.pdb,182,A,CSO
274,6fa1.pdb,51,B,CSO
275,6fa1.pdb,51,A,CSO
276,6fa1.pdb,51,C,CSO
277,6fa1.pdb,51,D,CSO
278,6fa1.pdb,51,F,CSO
279,1svy.pdb,235,A,CSO
280,1vhq.pdb,138,A,CSO
281,1vhq.pdb,138,B,CSO
282,1gns.pdb,221,A,CSO
283,4znm.pdb,334,A,CSO
284,4znm.pdb,334,B,CSO
285,6a6u.pdb,153,A,CSO
286,4lix.pdb,411,A,CSO
287,1yml.pdb,473,A,CSO
288,5hwq.pdb,115,A,CSO
289,6bwe.pdb,222,A,CSO
290,6bwe.pdb,222,B,CSO
291,5aui.pdb,86,A,CSO
292,3wve.pdb,114,A,CSO
293,4i05.pdb,100,A,CSO
294,3qsb.pdb,260,B,CSO
295,6cup.pdb,51,A,CSO
296,5ykj.pdb,91,A,CSO
297,6d5j.pdb,51,A,CSO
298,6rk8.pdb,38,A,CSO
299,6fa3.pdb,51,B,CSO
300,6fa3.pdb,51,C,CSO
301,6fa3.pdb,51,D,CSO
302,6fa3.pdb,51,E,CSO
303,6fa3.pdb,51,F,CSO
304,1qvz.pdb,138,A,CSO
305,1qvz.pdb,138,B,CSO
306,3a8l.pdb,114,A,CSO
307,5qha.pdb,109,A,CSO
308,2pvl.pdb,89,A,CSO
309,1gzw.pdb,16,A,CSO
310,2o7s.pdb,391,A,CSO
311,2o7s.pdb,424,A,CSO
312,1wl9.pdb,249,A,CSO
313,4lwl.pdb,16,A,CSO
314,5fis.pdb,128,A,CSO
315,5fis.pdb,128,B,CSO
316,3tjj.pdb,124,A,CSO
317,3tjj.pdb,124,B,CSO
318,3tjj.pdb,124,C,CSO
319,3tjj.pdb,124,D,CSO
320,3tjj.pdb,124,E,CSO
321,2xf1.pdb,24,A,CSO
322,2xf1.pdb,34,A,CSO
323,6a6t.pdb,153,A,CSO
324,1xcm.pdb,118,A,CSO
325,6d5l.pdb,51,A,CSO
326,2eg4.pdb,191,B,CSO
327,1yja.pdb,206,A,CSO
328,4p34.pdb,106,A,CSO
329,5qgx.pdb,109,A,CSO
330,1w6n.pdb,1016,A,CSO
331,4yt9.pdb,239,A,CSO
332,2qtz.pdb,340,A,CSO
333,2qtz.pdb,421,A,CSO
334,4nsn.pdb,146,A,CSO
335,4nsn.pdb,146,B,CSO
336,4nsn.pdb,146,C,CSO
337,2ora.pdb,247,A,CSO
338,3pr6.pdb,6,A,CSO
339,4y1g.pdb,105,A,CSO
340,4y1g.pdb,105,B,CSO
341,5qhh.pdb,109,A,CSO
342,5qh9.pdb,109,A,CSO
343,6q9v.pdb,126,A,CSO
344,6q9v.pdb,126,B,CSO
345,5qgm.pdb,109,A,CSO
346,5n9z.pdb,109,A,CSO
347,5n9z.pdb,109,H,CSO
348,5n9z.pdb,109,F,CSO
349,5n9z.pdb,109,D,CSO
350,5n9z.pdb,109,B,CSO
351,5n9z.pdb,109,C,CSO
352,5n9z.pdb,109,E,CSO
353,5n9z.pdb,109,G,CSO
354,6gom.pdb,51,A,CSO
355,6gom.pdb,51,B,CSO
356,6gom.pdb,51,C,CSO
357,6gom.pdb,51,D,CSO
358,6gom.pdb,51,E,CSO
359,6gom.pdb,51,F,CSO
360,4ut2.pdb,127,A,CSO
361,4ut2.pdb,273,A,CSO
362,4ut2.pdb,291,A,CSO
363,4ut2.pdb,127,B,CSO
364,4ut2.pdb,273,B,CSO
365,4ut2.pdb,291,B,CSO
366,4whr.pdb,429,D,CSO
367,4whr.pdb,429,B,CSO
368,4whr.pdb,429,F,CSO
369,4xbl.pdb,16,A,CSO
370,4xbl.pdb,88,A,CSO
371,4xbl.pdb,16,B,CSO
372,4xbl.pdb,88,B,CSO
373,3sf8.pdb,106,A,CSO
374,5n0t.pdb,175,A,CSO
375,5n0t.pdb,175,B,CSO
376,1loq.pdb,65,A,CSO
377,4dhq.pdb,38,A,CSO
378,6xvs.pdb,117,A,CSO
379,6xvs.pdb,117,B,CSO
380,1dnw.pdb,150,C,CSO
381,1dnw.pdb,150,D,CSO
382,2rg2.pdb,2,A,CSO
383,1o9q.pdb,155,A,CSO
384,1o9q.pdb,155,B,CSO
385,4fl5.pdb,38,A,CSO
386,4fl5.pdb,38,B,CSO
387,4g22.pdb,142,A,CSO
388,4g22.pdb,364,A,CSO
389,4g22.pdb,142,B,CSO
390,4g22.pdb,364,B,CSO
391,5ox0.pdb,171,A,CSO
392,4dgn.pdb,89,A,CSO
393,6d56.pdb,51,A,CSO
394,1zsf.pdb,67,A,CSO
395,1zsf.pdb,167,B,CSO
396,5o84.pdb,110,A,CSO
397,6u16.pdb,276,A,CSO
398,4tr1.pdb,66,A,CSO
399,6s0d.pdb,128,A,CSO
400,6s0d.pdb,128,C,CSO
401,5nn3.pdb,938,A,CSO
402,4ns1.pdb,146,A,CSO
403,4ns1.pdb,146,B,CSO
404,4ns1.pdb,146,C,CSO
405,4ns1.pdb,146,D,CSO
406,6d55.pdb,51,A,CSO
407,1sk4.pdb,300,A,CSO
408,3u7e.pdb,450,B,CSO
409,2qc6.pdb,89,A,CSO
410,4bg4.pdb,201,A,CSO
411,4bg4.pdb,201,B,CSO
412,5wz4.pdb,52,A,CSO
413,5wz4.pdb,52,B,CSO
414,1yjb.pdb,206,A,CSO
415,5l2n.pdb,303,A,CSO
416,1y1f.pdb,336,X,CSO
417,1wl4.pdb,92,A,CSO
418,2zct.pdb,50,A,CSO
419,2zct.pdb,50,B,CSO
420,2zct.pdb,50,C,CSO
421,2zct.pdb,50,D,CSO
422,2zct.pdb,50,E,CSO
423,2zct.pdb,50,F,CSO
424,2zct.pdb,50,G,CSO
425,2zct.pdb,50,H,CSO
426,2zct.pdb,50,I,CSO
427,2zct.pdb,50,J,CSO
428,6pcb.pdb,386,A,CSO
429,6pcb.pdb,386,B,CSO
430,6pcb.pdb,386,C,CSO
431,6pcb.pdb,386,D,CSO
432,4o57.pdb,224,A,CSO
433,4az4.pdb,129,A,CSO
434,5qgg.pdb,109,A,CSO
435,4dhp.pdb,38,A,CSO
436,6vpq.pdb,154,A,CSO
437,6vpq.pdb,154,B,CSO
438,6vpq.pdb,154,C,CSO
439,6vpq.pdb,154,D,CSO
440,6vpq.pdb,154,E,CSO
441,6vpq.pdb,154,F,CSO
442,6bvi.pdb,51,A,CSO
443,3rjt.pdb,18,A,CSO
444,3rjt.pdb,18,B,CSO
445,2wl4.pdb,89,B,CSO
446,2wl4.pdb,89,D,CSO
447,1sbh.pdb,206,A,CSO
448,2vu0.pdb,89,A,CSO
449,2vu0.pdb,89,B,CSO
450,2vu0.pdb,89,C,CSO
451,2vu0.pdb,89,D,CSO
452,4im6.pdb,894,A,CSO
453,2aq5.pdb,78,A,CSO
454,2aq5.pdb,90,A,CSO
455,2aq5.pdb,152,A,CSO
456,2aq5.pdb,332,A,CSO
457,1fnj.pdb,75,A,CSO
458,3ts6.pdb,44,A,CSO
459,2yes.pdb,177,A,CSO
460,2yes.pdb,177,B,CSO
461,4v3f.pdb,291,A,CSO
462,4v3f.pdb,291,B,CSO
463,4v3f.pdb,291,C,CSO
464,4v3f.pdb,450,C,CSO
465,4v3f.pdb,291,D,CSO
466,5n0n.pdb,175,A,CSO
467,3u9x.pdb,38,A,CSO
468,3n80.pdb,302,A,CSO
469,3n80.pdb,302,B,CSO
470,3n80.pdb,302,C,CSO
471,3n80.pdb,302,D,CSO
472,3n80.pdb,302,E,CSO
473,3n80.pdb,302,F,CSO
474,3n80.pdb,302,G,CSO
475,3n80.pdb,302,H,CSO
476,3kxg.pdb,89,A,CSO
477,1w6p.pdb,1016,A,CSO
478,1d5l.pdb,150,C,CSO
479,1d5l.pdb,150,D,CSO
480,3d3w.pdb,138,A,CSO
481,3d3w.pdb,138,B,CSO
482,2pvj.pdb,89,A,CSO
483,3pvg.pdb,89,A,CSO
484,6dxf.pdb,159,A,CSO
485,6dxf.pdb,159,B,CSO
486,5qh0.pdb,109,A,CSO
487,5ikm.pdb,222,A,CSO
488,5k0a.pdb,157,A,CSO
489,5k0a.pdb,157,B,CSO
490,5k0a.pdb,157,C,CSO
491,5k0a.pdb,157,D,CSO
492,1zw6.pdb,51,A,CSO
493,1ugp.pdb,113,A,CSO
494,4dhs.pdb,38,A,CSO
495,3tps.pdb,44,A,CSO
496,4htf.pdb,224,A,CSO
497,5etv.pdb,80,A,CSO
498,4c7z.pdb,271,A,CSO
499,6noz.pdb,42,A,CSO
500,1w6o.pdb,1016,A,CSO
501,2vec.pdb,122,A,CSO
502,4gqz.pdb,104,A,CSO
503,4gqz.pdb,104,B,CSO
504,4gqz.pdb,104,C,CSO
505,4gqz.pdb,104,D,CSO
506,3u2a.pdb,97,A,CSO
507,4y1y.pdb,16,A,CSO
508,4y1y.pdb,42,A,CSO
509,4y1y.pdb,60,A,CSO
510,4y1y.pdb,88,A,CSO
511,4y1y.pdb,130,A,CSO
512,4y1y.pdb,16,B,CSO
513,4y1y.pdb,42,B,CSO
514,4y1y.pdb,60,B,CSO
515,4y1y.pdb,88,B,CSO
516,4y1y.pdb,130,B,CSO
517,6f9t.pdb,496,A,CSO
518,2bwv.pdb,249,A,CSO
519,2dxc.pdb,133,C,CSO
520,2dxc.pdb,133,F,CSO
521,2dxc.pdb,133,I,CSO
522,2dxc.pdb,133,L,CSO
523,1pl1.pdb,112,A,CSO
524,1pl1.pdb,112,B,CSO
525,5qh5.pdb,109,A,CSO
526,4iql.pdb,34,A,CSO
527,4iql.pdb,34,B,CSO
528,5wzf.pdb,52,B,CSO
529,4c5p.pdb,70,A,CSO
530,1fzj.pdb,121,A,CSO
531,2iby.pdb,126,A,CSO
532,2iby.pdb,126,B,CSO
533,2iby.pdb,126,C,CSO
534,2iby.pdb,126,D,CSO
535,1xvw.pdb,45,A,CSO
536,1xvw.pdb,45,B,CSO
537,3a8h.pdb,114,A,CSO
538,5xlh.pdb,546,L,CSO
539,5qgz.pdb,109,A,CSO
540,5etq.pdb,80,A,CSO
541,5etq.pdb,80,B,CSO
542,6hmm.pdb,711,A,CSO
543,6hmm.pdb,943,A,CSO
544,2fhx.pdb,221,B,CSO
545,5oco.pdb,51,B,CSO
546,5oco.pdb,51,A,CSO
547,5oco.pdb,51,C,CSO
548,5oco.pdb,51,D,CSO
549,5oco.pdb,51,E,CSO
550,5oco.pdb,51,F,CSO
551,6bvj.pdb,51,A,CSO
552,6b2r.pdb,143,B,CSO
553,5qgj.pdb,109,A,CSO
554,6pcc.pdb,386,A,CSO
555,6pcc.pdb,386,B,CSO
556,6pcc.pdb,386,C,CSO
557,6pcc.pdb,386,D,CSO
558,6rm7.pdb,38,A,CSO
559,2zph.pdb,114,A,CSO
560,2ibu.pdb,126,A,CSO
561,2ibu.pdb,126,B,CSO
562,2ibu.pdb,126,C,CSO
563,2ibu.pdb,126,D,CSO
564,6qzs.pdb,38,A,CSO
565,6qzs.pdb,38,B,CSO
566,3mkj.pdb,4,A,CSO
567,3mkj.pdb,115,A,CSO
568,3mkj.pdb,193,A,CSO
569,3mkj.pdb,245,A,CSO
570,5ol1.pdb,37,A,CSO
571,5qh4.pdb,109,A,CSO
572,1wul.pdb,546,L,CSO
573,4fr3.pdb,38,A,CSO
574,5mz2.pdb,109,A,CSO
575,5mz2.pdb,109,C,CSO
576,5mz2.pdb,109,H,CSO
577,5mz2.pdb,109,F,CSO
578,5mz2.pdb,109,D,CSO
579,5mz2.pdb,109,B,CSO
580,5mz2.pdb,109,E,CSO
581,5mz2.pdb,109,G,CSO
582,6d59.pdb,51,A,CSO
583,6h2u.pdb,110,A,CSO
584,6h2u.pdb,33,B,CSO
585,4mgb.pdb,381,A,CSO
586,4mgb.pdb,381,B,CSO
587,4mgb.pdb,530,B,CSO
588,4mgd.pdb,381,A,CSO
589,4mgd.pdb,381,B,CSO
590,4mgd.pdb,530,B,CSO
591,5lir.pdb,138,A,CSO
592,2d4m.pdb,126,A,CSO
593,6ayb.pdb,371,A,CSO
594,6ayb.pdb,392,A,CSO
595,4c80.pdb,271,A,CSO
596,5qgt.pdb,109,A,CSO
597,6rx2.pdb,38,A,CSO
598,4tr0.pdb,66,A,CSO
599,4tr0.pdb,66,B,CSO
600,6aq4.pdb,127,A,CSO
601,6aq4.pdb,127,B,CSO
602,6aq4.pdb,127,C,CSO
603,4d3x.pdb,194,A,CSO
604,1jz7.pdb,247,A,CSO
605,1jz7.pdb,247,B,CSO
606,1jz7.pdb,247,C,CSO
607,1jz7.pdb,247,D,CSO
608,3kxh.pdb,89,A,CSO
609,4q2h.pdb,255,A,CSO
610,4q2h.pdb,255,B,CSO
611,5qhf.pdb,109,A,CSO
612,2hp0.pdb,271,B,CSO
613,5qgn.pdb,109,A,CSO
614,2vu1.pdb,89,A,CSO
615,2vu1.pdb,89,B,CSO
616,2vu1.pdb,89,C,CSO
617,2vu1.pdb,89,D,CSO
618,4k2e.pdb,38,A,CSO
619,4k2e.pdb,38,B,CSO
620,4k2e.pdb,38,C,CSO
621,4k2e.pdb,38,D,CSO
622,4lwj.pdb,16,A,CSO
623,1p7t.pdb,617,A,CSO
624,1p7t.pdb,617,B,CSO
625,1p7t.pdb,688,B,CSO
626,4jxc.pdb,183,A,CSO
627,3p1o.pdb,38,A,CSO
628,3tp1.pdb,44,A,CSO
629,3na8.pdb,211,A,CSO
630,3na8.pdb,211,B,CSO
631,3na8.pdb,211,C,CSO
632,3na8.pdb,211,D,CSO
633,1gsn.pdb,63,A,CSO
634,1gsn.pdb,234,A,CSO
635,1gsn.pdb,284,A,CSO
636,1gsn.pdb,423,A,CSO
637,1o4c.pdb,44,A,CSO
638,2ahj.pdb,114,A,CSO
639,2ahj.pdb,114,C,CSO
640,3zje.pdb,103,A,CSO
641,3zje.pdb,103,B,CSO
642,5qgw.pdb,109,A,CSO
643,5qgo.pdb,109,A,CSO
644,2cis.pdb,287,A,CSO
645,6cur.pdb,51,A,CSO
646,4p7y.pdb,4,A,CSO
647,2isy.pdb,102,A,CSO
648,2isy.pdb,102,B,CSO
649,4fst.pdb,168,A,CSO
650,5qgh.pdb,109,A,CSO
651,6rl6.pdb,38,A,CSO
652,3bb0.pdb,69,A,CSO
653,3vyh.pdb,113,A,CSO
654,2id4.pdb,190,A,CSO
655,2id4.pdb,190,B,CSO
656,4asc.pdb,340,A,CSO
657,6o4d.pdb,302,A,CSO
658,6rl4.pdb,38,A,CSO
659,4rsp.pdb,145,A,CSO
660,3uud.pdb,381,A,CSO
661,3uud.pdb,530,A,CSO
662,3uud.pdb,381,B,CSO
663,3uud.pdb,417,B,CSO
664,5xvd.pdb,546,L,CSO
665,5xvd.pdb,546,M,CSO
666,4xp7.pdb,41,A,CSO
667,1hvr.pdb,67,A,CSO
668,1hvr.pdb,67,B,CSO
669,2cir.pdb,287,A,CSO
670,1meh.pdb,319,A,CSO
671,3ckc.pdb,322,A,CSO
672,3ckc.pdb,322,B,CSO
673,4amw.pdb,336,A,CSO
674,4amw.pdb,336,B,CSO
675,4amw.pdb,336,C,CSO
676,4amw.pdb,336,D,CSO
677,5vm2.pdb,39,A,CSO
678,5vm2.pdb,39,B,CSO
